Image,,Offer,Link,Credit Card
,,,,
,,,,
,,,,
https://www.easemytrip.com/images/offer-img/idfc6emi-22oct24-sm.png,,"Enjoy Up to INR 6,000 OFF* on Flight & Hotel Bookings with IDFC First Bank No Cost EMI",https://www.easemytrip.com/offers/idfc-bank-emi.html,IDFC First Power+ Credit Card
https://www.easemytrip.com/images/offer-img/idfc6emi-22oct24-sm.png,,"Enjoy Up to INR 6,000 OFF* on Flight & Hotel Bookings with IDFC First Bank No Cost EMI",https://www.easemytrip.com/offers/idfc-bank-emi.html,IDFC FIRST SWYP Credit Card
https://www.easemytrip.com/images/offer-img/idfc6emi-22oct24-sm.png,,"Enjoy Up to INR 6,000 OFF* on Flight & Hotel Bookings with IDFC First Bank No Cost EMI",https://www.easemytrip.com/offers/idfc-bank-emi.html,IDFC First Bank First Wow Credit Card
https://www.easemytrip.com/images/offer-img/idfc6emi-22oct24-sm.png,,"Enjoy Up to INR 6,000 OFF* on Flight & Hotel Bookings with IDFC First Bank No Cost EMI",https://www.easemytrip.com/offers/idfc-bank-emi.html,IDFC First Bank First Private Credit Card
https://www.easemytrip.com/images/offer-img/idfc6emi-22oct24-sm.png,,"Enjoy Up to INR 6,000 OFF* on Flight & Hotel Bookings with IDFC First Bank No Cost EMI",https://www.easemytrip.com/offers/idfc-bank-emi.html,IDFC First Power Credit Card
https://www.easemytrip.com/images/offer-img/idfc6emi-22oct24-sm.png,,"Enjoy Up to INR 6,000 OFF* on Flight & Hotel Bookings with IDFC First Bank No Cost EMI",https://www.easemytrip.com/offers/idfc-bank-emi.html,IDFC Bank IDFC First Wealth Credit Card
https://www.easemytrip.com/images/offer-img/idfc6emi-22oct24-sm.png,,"Enjoy Up to INR 6,000 OFF* on Flight & Hotel Bookings with IDFC First Bank No Cost EMI",https://www.easemytrip.com/offers/idfc-bank-emi.html,IDFC First Select Credit Card
https://www.easemytrip.com/images/offer-img/idfc6emi-22oct24-sm.png,,"Enjoy Up to INR 6,000 OFF* on Flight & Hotel Bookings with IDFC First Bank No Cost EMI",https://www.easemytrip.com/offers/idfc-bank-emi.html,IDFC Bank First Classic Credit Card
https://www.easemytrip.com/images/offer-img/idfc6emi-22oct24-sm.png,,"Enjoy Up to INR 6,000 OFF* on Flight & Hotel Bookings with IDFC First Bank No Cost EMI",https://www.easemytrip.com/offers/idfc-bank-emi.html,IDFC Bank First Millennia Credit Card
https://www.easemytrip.com/images/offer-img/idfc6emi-22oct24-sm.png,,"Enjoy Up to INR 6,000 OFF* on Flight & Hotel Bookings with IDFC First Bank No Cost EMI",https://www.easemytrip.com/offers/idfc-bank-emi.html,
,,,,
https://www.easemytrip.com/images/offer-img/kotak-9oct24-sm.webp,,Travel More with No Cost EMI on Flight & Hotel Bookings with Kotak Mahindra Bank Credit Cards,https://www.easemytrip.com/offers/kotak-bank.html,Kotak League Platinum Credit Card
https://www.easemytrip.com/images/offer-img/kotak-9oct24-sm.webp,,Travel More with No Cost EMI on Flight & Hotel Bookings with Kotak Mahindra Bank Credit Cards,https://www.easemytrip.com/offers/kotak-bank.html,Kotak Zen Signature Credit Card
https://www.easemytrip.com/images/offer-img/kotak-9oct24-sm.webp,,Travel More with No Cost EMI on Flight & Hotel Bookings with Kotak Mahindra Bank Credit Cards,https://www.easemytrip.com/offers/kotak-bank.html,Kotak White Credit Card
https://www.easemytrip.com/images/offer-img/kotak-9oct24-sm.webp,,Travel More with No Cost EMI on Flight & Hotel Bookings with Kotak Mahindra Bank Credit Cards,https://www.easemytrip.com/offers/kotak-bank.html,Kotak IndiGo 6E Rewards XL Credit Card
https://www.easemytrip.com/images/offer-img/kotak-9oct24-sm.webp,,Travel More with No Cost EMI on Flight & Hotel Bookings with Kotak Mahindra Bank Credit Cards,https://www.easemytrip.com/offers/kotak-bank.html,Kotak IndiGo 6E Rewards Credit Card
https://www.easemytrip.com/images/offer-img/kotak-9oct24-sm.webp,,Travel More with No Cost EMI on Flight & Hotel Bookings with Kotak Mahindra Bank Credit Cards,https://www.easemytrip.com/offers/kotak-bank.html,PVR INOX Kotak Credit Card
https://www.easemytrip.com/images/offer-img/kotak-9oct24-sm.webp,,Travel More with No Cost EMI on Flight & Hotel Bookings with Kotak Mahindra Bank Credit Cards,https://www.easemytrip.com/offers/kotak-bank.html,Indian Oil Kotak Credit Card
https://www.easemytrip.com/images/offer-img/kotak-9oct24-sm.webp,,Travel More with No Cost EMI on Flight & Hotel Bookings with Kotak Mahindra Bank Credit Cards,https://www.easemytrip.com/offers/kotak-bank.html,Myntra Kotak Credit Card
https://www.easemytrip.com/images/offer-img/kotak-9oct24-sm.webp,,Travel More with No Cost EMI on Flight & Hotel Bookings with Kotak Mahindra Bank Credit Cards,https://www.easemytrip.com/offers/kotak-bank.html,Kotak Mojo Platinum Credit Card
https://www.easemytrip.com/images/offer-img/kotak-9oct24-sm.webp,,Travel More with No Cost EMI on Flight & Hotel Bookings with Kotak Mahindra Bank Credit Cards,https://www.easemytrip.com/offers/kotak-bank.html,Kotak 811 Dream Different Credit Card
https://www.easemytrip.com/images/offer-img/kotak-9oct24-sm.webp,,Travel More with No Cost EMI on Flight & Hotel Bookings with Kotak Mahindra Bank Credit Cards,https://www.easemytrip.com/offers/kotak-bank.html,Kotak 811 Credit Card
https://www.easemytrip.com/images/offer-img/kotak-9oct24-sm.webp,,Travel More with No Cost EMI on Flight & Hotel Bookings with Kotak Mahindra Bank Credit Cards,https://www.easemytrip.com/offers/kotak-bank.html,Kotak Urbane Gold Credit Card
https://www.easemytrip.com/images/offer-img/kotak-9oct24-sm.webp,,Travel More with No Cost EMI on Flight & Hotel Bookings with Kotak Mahindra Bank Credit Cards,https://www.easemytrip.com/offers/kotak-bank.html,
,,,,
https://www.easemytrip.com/images/offer-img/federal-bank-credit-card-10oct24-sm.png,,Save Huge and Avail Discounts on Flight Ticket Bookings with Federal Bank Credit Cards EMI,https://www.easemytrip.com/offers/federal-bank-credit-card.html,Federal Bank Wave Credit Card
https://www.easemytrip.com/images/offer-img/federal-bank-credit-card-10oct24-sm.png,,Save Huge and Avail Discounts on Flight Ticket Bookings with Federal Bank Credit Cards EMI,https://www.easemytrip.com/offers/federal-bank-credit-card.html,Federal Bank AmpliFi Credit Card
https://www.easemytrip.com/images/offer-img/federal-bank-credit-card-10oct24-sm.png,,Save Huge and Avail Discounts on Flight Ticket Bookings with Federal Bank Credit Cards EMI,https://www.easemytrip.com/offers/federal-bank-credit-card.html,Federal Bank MagniFi Credit Card
https://www.easemytrip.com/images/offer-img/federal-bank-credit-card-10oct24-sm.png,,Save Huge and Avail Discounts on Flight Ticket Bookings with Federal Bank Credit Cards EMI,https://www.easemytrip.com/offers/federal-bank-credit-card.html,Federal Bank Visa Imperio
https://www.easemytrip.com/images/offer-img/federal-bank-credit-card-10oct24-sm.png,,Save Huge and Avail Discounts on Flight Ticket Bookings with Federal Bank Credit Cards EMI,https://www.easemytrip.com/offers/federal-bank-credit-card.html,Federal Bank Visa Celesta
https://www.easemytrip.com/images/offer-img/federal-bank-credit-card-10oct24-sm.png,,Save Huge and Avail Discounts on Flight Ticket Bookings with Federal Bank Credit Cards EMI,https://www.easemytrip.com/offers/federal-bank-credit-card.html,Federal Bank Scapia Credit Card
https://www.easemytrip.com/images/offer-img/federal-bank-credit-card-10oct24-sm.png,,Save Huge and Avail Discounts on Flight Ticket Bookings with Federal Bank Credit Cards EMI,https://www.easemytrip.com/offers/federal-bank-credit-card.html,Federal Bank Rupay Signet Credit Card
https://www.easemytrip.com/images/offer-img/federal-bank-credit-card-10oct24-sm.png,,Save Huge and Avail Discounts on Flight Ticket Bookings with Federal Bank Credit Cards EMI,https://www.easemytrip.com/offers/federal-bank-credit-card.html,Federal Bank Mastercard?Signet
https://www.easemytrip.com/images/offer-img/federal-bank-credit-card-10oct24-sm.png,,Save Huge and Avail Discounts on Flight Ticket Bookings with Federal Bank Credit Cards EMI,https://www.easemytrip.com/offers/federal-bank-credit-card.html,
https://www.easemytrip.com/images/offer-img/pnb-credit-card-9oct24-sm.webp,,"Enjoy Up to INR 5,000 OFF* on Flight, Hotel & Bus Bookings with Punjab National Bank Credit Card",https://www.easemytrip.com/offers/pnb-credit-card.html,PSB SimplySAVE SBI Card
https://www.easemytrip.com/images/offer-img/pnb-credit-card-9oct24-sm.webp,,"Enjoy Up to INR 5,000 OFF* on Flight, Hotel & Bus Bookings with Punjab National Bank Credit Card",https://www.easemytrip.com/offers/pnb-credit-card.html,The PNB Global Platinum Credit Card
https://www.easemytrip.com/images/offer-img/pnb-credit-card-9oct24-sm.webp,,"Enjoy Up to INR 5,000 OFF* on Flight, Hotel & Bus Bookings with Punjab National Bank Credit Card",https://www.easemytrip.com/offers/pnb-credit-card.html,PNB VISA Gold Card
https://www.easemytrip.com/images/offer-img/pnb-credit-card-9oct24-sm.webp,,"Enjoy Up to INR 5,000 OFF* on Flight, Hotel & Bus Bookings with Punjab National Bank Credit Card",https://www.easemytrip.com/offers/pnb-credit-card.html,PNB RuPay Platinum Credit Card
https://www.easemytrip.com/images/offer-img/pnb-credit-card-9oct24-sm.webp,,"Enjoy Up to INR 5,000 OFF* on Flight, Hotel & Bus Bookings with Punjab National Bank Credit Card",https://www.easemytrip.com/offers/pnb-credit-card.html,PNB Rupay Select Card
https://www.easemytrip.com/images/offer-img/pnb-credit-card-9oct24-sm.webp,,"Enjoy Up to INR 5,000 OFF* on Flight, Hotel & Bus Bookings with Punjab National Bank Credit Card",https://www.easemytrip.com/offers/pnb-credit-card.html,PNB Rupay Millennial Card
https://www.easemytrip.com/images/offer-img/pnb-credit-card-9oct24-sm.webp,,"Enjoy Up to INR 5,000 OFF* on Flight, Hotel & Bus Bookings with Punjab National Bank Credit Card",https://www.easemytrip.com/offers/pnb-credit-card.html,PNB Rakshak Rupay Platinum Card
https://www.easemytrip.com/images/offer-img/pnb-credit-card-9oct24-sm.webp,,"Enjoy Up to INR 5,000 OFF* on Flight, Hotel & Bus Bookings with Punjab National Bank Credit Card",https://www.easemytrip.com/offers/pnb-credit-card.html,
,,,,
https://www.easemytrip.com/images/offer-img/hsbc-30sep24-sm2.png,,"Enjoy Up to INR 6,000 OFF* on Flight & Hotel Bookings with HSBC Bank Credit Cards EMI",https://www.easemytrip.com/offers/hsbc-bank-card.html,HSBC Cashback Credit Card
https://www.easemytrip.com/images/offer-img/hsbc-30sep24-sm2.png,,"Enjoy Up to INR 6,000 OFF* on Flight & Hotel Bookings with HSBC Bank Credit Cards EMI",https://www.easemytrip.com/offers/hsbc-bank-card.html,HSBC Visa Platinum Credit Card
https://www.easemytrip.com/images/offer-img/hsbc-30sep24-sm2.png,,"Enjoy Up to INR 6,000 OFF* on Flight & Hotel Bookings with HSBC Bank Credit Cards EMI",https://www.easemytrip.com/offers/hsbc-bank-card.html,HSBC Smart Value Credit Card
https://www.easemytrip.com/images/offer-img/hsbc-30sep24-sm2.png,,"Enjoy Up to INR 6,000 OFF* on Flight & Hotel Bookings with HSBC Bank Credit Cards EMI",https://www.easemytrip.com/offers/hsbc-bank-card.html,HSBC Premier Mastercard? Credit Card
https://www.easemytrip.com/images/offer-img/hsbc-30sep24-sm2.png,,"Enjoy Up to INR 6,000 OFF* on Flight & Hotel Bookings with HSBC Bank Credit Cards EMI",https://www.easemytrip.com/offers/hsbc-bank-card.html,
https://www.easemytrip.com/images/offer-img/federalbank-4oct24-sm.png,,Enjoy Sky High Discounts on Flight Tickets with Federal Bank Credit and Debit Cards,https://www.easemytrip.com/offers/federal-bank.html,Federal Bank Visa Imperio
https://www.easemytrip.com/images/offer-img/federalbank-4oct24-sm.png,,Enjoy Sky High Discounts on Flight Tickets with Federal Bank Credit and Debit Cards,https://www.easemytrip.com/offers/federal-bank.html,Federal Bank Visa Celesta
https://www.easemytrip.com/images/offer-img/federalbank-4oct24-sm.png,,Enjoy Sky High Discounts on Flight Tickets with Federal Bank Credit and Debit Cards,https://www.easemytrip.com/offers/federal-bank.html,Federal Bank Rupay Signet Credit Card
https://www.easemytrip.com/images/offer-img/federalbank-4oct24-sm.png,,Enjoy Sky High Discounts on Flight Tickets with Federal Bank Credit and Debit Cards,https://www.easemytrip.com/offers/federal-bank.html,Federal Bank Wave Credit Card
https://www.easemytrip.com/images/offer-img/federalbank-4oct24-sm.png,,Enjoy Sky High Discounts on Flight Tickets with Federal Bank Credit and Debit Cards,https://www.easemytrip.com/offers/federal-bank.html,Federal Bank Mastercard Signet
https://www.easemytrip.com/images/offer-img/federalbank-4oct24-sm.png,,Enjoy Sky High Discounts on Flight Tickets with Federal Bank Credit and Debit Cards,https://www.easemytrip.com/offers/federal-bank.html,Federal Bank Visa Imperio
https://www.easemytrip.com/images/offer-img/federalbank-4oct24-sm.png,,Enjoy Sky High Discounts on Flight Tickets with Federal Bank Credit and Debit Cards,https://www.easemytrip.com/offers/federal-bank.html,Federal Bank Visa Celesta
https://www.easemytrip.com/images/offer-img/federalbank-4oct24-sm.png,,Enjoy Sky High Discounts on Flight Tickets with Federal Bank Credit and Debit Cards,https://www.easemytrip.com/offers/federal-bank.html,Federal Bank Rupay Signet Credit Card
https://www.easemytrip.com/images/offer-img/federalbank-4oct24-sm.png,,Enjoy Sky High Discounts on Flight Tickets with Federal Bank Credit and Debit Cards,https://www.easemytrip.com/offers/federal-bank.html,Federal Bank Wave Credit Card
https://www.easemytrip.com/images/offer-img/federalbank-4oct24-sm.png,,Enjoy Sky High Discounts on Flight Tickets with Federal Bank Credit and Debit Cards,https://www.easemytrip.com/offers/federal-bank.html,Federal Bank Mastercard Signet
https://www.easemytrip.com/images/offer-img/federalbank-4oct24-sm.png,,Enjoy Sky High Discounts on Flight Tickets with Federal Bank Credit and Debit Cards,https://www.easemytrip.com/offers/federal-bank.html,
,,,,
https://www.easemytrip.com/images/offer-img/icicidc-1oct24-sm.png,,Avail Exclusive Travel Discounts with ICICI Bank Debit Cards,https://www.easemytrip.com/offers/icici-bank-debit-card.html,
https://www.easemytrip.com/images/offer-img/rbl-bank-card-30august24-sm.png,,Grab Huge Discounts for Monsoon Adventures with RBL Credit Cards EMI,https://www.easemytrip.com/offers/rbl-bank-card.html,IndianOil RBL Bank Credit Card
https://www.easemytrip.com/images/offer-img/rbl-bank-card-30august24-sm.png,,Grab Huge Discounts for Monsoon Adventures with RBL Credit Cards EMI,https://www.easemytrip.com/offers/rbl-bank-card.html,IndianOil RBL Bank XTRA Credit Card
https://www.easemytrip.com/images/offer-img/rbl-bank-card-30august24-sm.png,,Grab Huge Discounts for Monsoon Adventures with RBL Credit Cards EMI,https://www.easemytrip.com/offers/rbl-bank-card.html,RBL Bank iGlobe Credit Card
https://www.easemytrip.com/images/offer-img/rbl-bank-card-30august24-sm.png,,Grab Huge Discounts for Monsoon Adventures with RBL Credit Cards EMI,https://www.easemytrip.com/offers/rbl-bank-card.html,RBL Bank Movies and More Credit Card
https://www.easemytrip.com/images/offer-img/rbl-bank-card-30august24-sm.png,,Grab Huge Discounts for Monsoon Adventures with RBL Credit Cards EMI,https://www.easemytrip.com/offers/rbl-bank-card.html,RBL Bank MoneyTap Credit Card
https://www.easemytrip.com/images/offer-img/rbl-bank-card-30august24-sm.png,,Grab Huge Discounts for Monsoon Adventures with RBL Credit Cards EMI,https://www.easemytrip.com/offers/rbl-bank-card.html,Insignia Preferred Banking Card
https://www.easemytrip.com/images/offer-img/rbl-bank-card-30august24-sm.png,,Grab Huge Discounts for Monsoon Adventures with RBL Credit Cards EMI,https://www.easemytrip.com/offers/rbl-bank-card.html,BankBazaar SaveMax Credit Card
https://www.easemytrip.com/images/offer-img/rbl-bank-card-30august24-sm.png,,Grab Huge Discounts for Monsoon Adventures with RBL Credit Cards EMI,https://www.easemytrip.com/offers/rbl-bank-card.html,Bankbazaar Savemax Pro Credit Card
https://www.easemytrip.com/images/offer-img/rbl-bank-card-30august24-sm.png,,Grab Huge Discounts for Monsoon Adventures with RBL Credit Cards EMI,https://www.easemytrip.com/offers/rbl-bank-card.html,MoneyTap Black Card
https://www.easemytrip.com/images/offer-img/rbl-bank-card-30august24-sm.png,,Grab Huge Discounts for Monsoon Adventures with RBL Credit Cards EMI,https://www.easemytrip.com/offers/rbl-bank-card.html,RBL Bank Paisabazaar Duet Card
https://www.easemytrip.com/images/offer-img/rbl-bank-card-30august24-sm.png,,Grab Huge Discounts for Monsoon Adventures with RBL Credit Cards EMI,https://www.easemytrip.com/offers/rbl-bank-card.html,RBL Bank Paisabazaar Duet Card Plus
https://www.easemytrip.com/images/offer-img/rbl-bank-card-30august24-sm.png,,Grab Huge Discounts for Monsoon Adventures with RBL Credit Cards EMI,https://www.easemytrip.com/offers/rbl-bank-card.html,RBL Bank VCard
https://www.easemytrip.com/images/offer-img/rbl-bank-card-30august24-sm.png,,Grab Huge Discounts for Monsoon Adventures with RBL Credit Cards EMI,https://www.easemytrip.com/offers/rbl-bank-card.html,Mo Cash Credit Card
https://www.easemytrip.com/images/offer-img/rbl-bank-card-30august24-sm.png,,Grab Huge Discounts for Monsoon Adventures with RBL Credit Cards EMI,https://www.easemytrip.com/offers/rbl-bank-card.html,RBL Bank Play Credit Card
https://www.easemytrip.com/images/offer-img/rbl-bank-card-30august24-sm.png,,Grab Huge Discounts for Monsoon Adventures with RBL Credit Cards EMI,https://www.easemytrip.com/offers/rbl-bank-card.html,RBL Bank Cookie Credit Card
https://www.easemytrip.com/images/offer-img/rbl-bank-card-30august24-sm.png,,Grab Huge Discounts for Monsoon Adventures with RBL Credit Cards EMI,https://www.easemytrip.com/offers/rbl-bank-card.html,RBL Bank Icon Credit Card
https://www.easemytrip.com/images/offer-img/rbl-bank-card-30august24-sm.png,,Grab Huge Discounts for Monsoon Adventures with RBL Credit Cards EMI,https://www.easemytrip.com/offers/rbl-bank-card.html,RBL Bank Platinum Delight Credit Card
https://www.easemytrip.com/images/offer-img/rbl-bank-card-30august24-sm.png,,Grab Huge Discounts for Monsoon Adventures with RBL Credit Cards EMI,https://www.easemytrip.com/offers/rbl-bank-card.html,RBL Bank Platinum Maxima Credit Card
https://www.easemytrip.com/images/offer-img/rbl-bank-card-30august24-sm.png,,Grab Huge Discounts for Monsoon Adventures with RBL Credit Cards EMI,https://www.easemytrip.com/offers/rbl-bank-card.html,RBL Bank Lazy Pay Credit Card
https://www.easemytrip.com/images/offer-img/rbl-bank-card-30august24-sm.png,,Grab Huge Discounts for Monsoon Adventures with RBL Credit Cards EMI,https://www.easemytrip.com/offers/rbl-bank-card.html,RBL Bank World Safari Credit Card
https://www.easemytrip.com/images/offer-img/rbl-bank-card-30august24-sm.png,,Grab Huge Discounts for Monsoon Adventures with RBL Credit Cards EMI,https://www.easemytrip.com/offers/rbl-bank-card.html,RBL Bank Monthly Treats Credit Card
https://www.easemytrip.com/images/offer-img/rbl-bank-card-30august24-sm.png,,Grab Huge Discounts for Monsoon Adventures with RBL Credit Cards EMI,https://www.easemytrip.com/offers/rbl-bank-card.html,Platinum Maxima Plus Card
https://www.easemytrip.com/images/offer-img/rbl-bank-card-30august24-sm.png,,Grab Huge Discounts for Monsoon Adventures with RBL Credit Cards EMI,https://www.easemytrip.com/offers/rbl-bank-card.html,RBL Bank Shoprite Credit Card
https://www.easemytrip.com/images/offer-img/rbl-bank-card-30august24-sm.png,,Grab Huge Discounts for Monsoon Adventures with RBL Credit Cards EMI,https://www.easemytrip.com/offers/rbl-bank-card.html,
https://www.easemytrip.com/images/offer-img/au-bank-1oct24-sm.png,,Save Huge and Avail Discounts on Flight Tickets & Hotels with Au Bank Credit Cards EMI,https://www.easemytrip.com/offers/au-bank.html,AU Bank InstaPay Credit Card
https://www.easemytrip.com/images/offer-img/au-bank-1oct24-sm.png,,Save Huge and Avail Discounts on Flight Tickets & Hotels with Au Bank Credit Cards EMI,https://www.easemytrip.com/offers/au-bank.html,AU Bank Zenith+ Credit Card
https://www.easemytrip.com/images/offer-img/au-bank-1oct24-sm.png,,Save Huge and Avail Discounts on Flight Tickets & Hotels with Au Bank Credit Cards EMI,https://www.easemytrip.com/offers/au-bank.html,AU Small Finance Bank ixigo Credit Card
https://www.easemytrip.com/images/offer-img/au-bank-1oct24-sm.png,,Save Huge and Avail Discounts on Flight Tickets & Hotels with Au Bank Credit Cards EMI,https://www.easemytrip.com/offers/au-bank.html,AU Small Finance Bank Zenith Credit Card
https://www.easemytrip.com/images/offer-img/au-bank-1oct24-sm.png,,Save Huge and Avail Discounts on Flight Tickets & Hotels with Au Bank Credit Cards EMI,https://www.easemytrip.com/offers/au-bank.html,AU Small Finance Bank Altura Plus Credit Card
https://www.easemytrip.com/images/offer-img/au-bank-1oct24-sm.png,,Save Huge and Avail Discounts on Flight Tickets & Hotels with Au Bank Credit Cards EMI,https://www.easemytrip.com/offers/au-bank.html,AU Small Finance Bank Altura Credit Card
https://www.easemytrip.com/images/offer-img/au-bank-1oct24-sm.png,,Save Huge and Avail Discounts on Flight Tickets & Hotels with Au Bank Credit Cards EMI,https://www.easemytrip.com/offers/au-bank.html,AU Small Finance Bank LIT Credit Card
https://www.easemytrip.com/images/offer-img/au-bank-1oct24-sm.png,,Save Huge and Avail Discounts on Flight Tickets & Hotels with Au Bank Credit Cards EMI,https://www.easemytrip.com/offers/au-bank.html,Au Small Finance Bank Vetta Credit Card
https://www.easemytrip.com/images/offer-img/au-bank-1oct24-sm.png,,Save Huge and Avail Discounts on Flight Tickets & Hotels with Au Bank Credit Cards EMI,https://www.easemytrip.com/offers/au-bank.html,
,,,,
https://www.easemytrip.com/images/offer-img/yes-cc-17sept24-sm.png,,"Enjoy Up to INR 5,000 OFF* on Travel with Yes Bank Credit Cards",https://www.easemytrip.com/offers/yes-bank-credit-card.html,Yes Bank Card Anq Phi Credit  Card
https://www.easemytrip.com/images/offer-img/yes-cc-17sept24-sm.png,,"Enjoy Up to INR 5,000 OFF* on Travel with Yes Bank Credit Cards",https://www.easemytrip.com/offers/yes-bank-credit-card.html,YES BANK Anq Pi Credit Card
https://www.easemytrip.com/images/offer-img/yes-cc-17sept24-sm.png,,"Enjoy Up to INR 5,000 OFF* on Travel with Yes Bank Credit Cards",https://www.easemytrip.com/offers/yes-bank-credit-card.html,Yes EMI Credit Card
https://www.easemytrip.com/images/offer-img/yes-cc-17sept24-sm.png,,"Enjoy Up to INR 5,000 OFF* on Travel with Yes Bank Credit Cards",https://www.easemytrip.com/offers/yes-bank-credit-card.html,Yes ELITE Credit Card
https://www.easemytrip.com/images/offer-img/yes-cc-17sept24-sm.png,,"Enjoy Up to INR 5,000 OFF* on Travel with Yes Bank Credit Cards",https://www.easemytrip.com/offers/yes-bank-credit-card.html,Yes RESERV Credit Card
https://www.easemytrip.com/images/offer-img/yes-cc-17sept24-sm.png,,"Enjoy Up to INR 5,000 OFF* on Travel with Yes Bank Credit Cards",https://www.easemytrip.com/offers/yes-bank-credit-card.html,Yes Private Prime Credit Card
https://www.easemytrip.com/images/offer-img/yes-cc-17sept24-sm.png,,"Enjoy Up to INR 5,000 OFF* on Travel with Yes Bank Credit Cards",https://www.easemytrip.com/offers/yes-bank-credit-card.html,YES Bank Marquee Credit Card
https://www.easemytrip.com/images/offer-img/yes-cc-17sept24-sm.png,,"Enjoy Up to INR 5,000 OFF* on Travel with Yes Bank Credit Cards",https://www.easemytrip.com/offers/yes-bank-credit-card.html,Yes Bank BYOC Credit Card
https://www.easemytrip.com/images/offer-img/yes-cc-17sept24-sm.png,,"Enjoy Up to INR 5,000 OFF* on Travel with Yes Bank Credit Cards",https://www.easemytrip.com/offers/yes-bank-credit-card.html,Yes Bank Finbooster Credit Card
https://www.easemytrip.com/images/offer-img/yes-cc-17sept24-sm.png,,"Enjoy Up to INR 5,000 OFF* on Travel with Yes Bank Credit Cards",https://www.easemytrip.com/offers/yes-bank-credit-card.html,Yes Bank Wellness Plus Credit Card
https://www.easemytrip.com/images/offer-img/yes-cc-17sept24-sm.png,,"Enjoy Up to INR 5,000 OFF* on Travel with Yes Bank Credit Cards",https://www.easemytrip.com/offers/yes-bank-credit-card.html,Yes Bank Wellness Credit Card
https://www.easemytrip.com/images/offer-img/yes-cc-17sept24-sm.png,,"Enjoy Up to INR 5,000 OFF* on Travel with Yes Bank Credit Cards",https://www.easemytrip.com/offers/yes-bank-credit-card.html,Yes Prosperity Cashback Plus Credit Card
https://www.easemytrip.com/images/offer-img/yes-cc-17sept24-sm.png,,"Enjoy Up to INR 5,000 OFF* on Travel with Yes Bank Credit Cards",https://www.easemytrip.com/offers/yes-bank-credit-card.html,Yes Prosperity Cashback Credit Card
https://www.easemytrip.com/images/offer-img/yes-cc-17sept24-sm.png,,"Enjoy Up to INR 5,000 OFF* on Travel with Yes Bank Credit Cards",https://www.easemytrip.com/offers/yes-bank-credit-card.html,Yes Prosperity  Reward Plus Credit Card
https://www.easemytrip.com/images/offer-img/yes-cc-17sept24-sm.png,,"Enjoy Up to INR 5,000 OFF* on Travel with Yes Bank Credit Cards",https://www.easemytrip.com/offers/yes-bank-credit-card.html,Yes Prosperity Reward Credit Card
https://www.easemytrip.com/images/offer-img/yes-cc-17sept24-sm.png,,"Enjoy Up to INR 5,000 OFF* on Travel with Yes Bank Credit Cards",https://www.easemytrip.com/offers/yes-bank-credit-card.html,Yes Prosperity Edge Credit Card
https://www.easemytrip.com/images/offer-img/yes-cc-17sept24-sm.png,,"Enjoy Up to INR 5,000 OFF* on Travel with Yes Bank Credit Cards",https://www.easemytrip.com/offers/yes-bank-credit-card.html,
