Image,Link,Offer,Credit Card
,,,
,,,
https://images.ixigo.com/image/upload/HDFC-CC/9d0b77dd28e203407ed1c0b7622ac99c-wrovj.png,https://www.ixigo.com/offers/hdfc-easyemi,HDFC CCEMI DOM WEB,Shoppers Stop HDFC Bank Credit Card
https://images.ixigo.com/image/upload/HDFC-CC/9d0b77dd28e203407ed1c0b7622ac99c-wrovj.png,https://www.ixigo.com/offers/hdfc-easyemi,HDFC CCEMI DOM WEB,Tata Neu Plus HDFC Bank Credit Card
https://images.ixigo.com/image/upload/HDFC-CC/9d0b77dd28e203407ed1c0b7622ac99c-wrovj.png,https://www.ixigo.com/offers/hdfc-easyemi,HDFC CCEMI DOM WEB,HDFC Bank INFINIA Credit Card Metal Edition
https://images.ixigo.com/image/upload/HDFC-CC/9d0b77dd28e203407ed1c0b7622ac99c-wrovj.png,https://www.ixigo.com/offers/hdfc-easyemi,HDFC CCEMI DOM WEB,Bharat Credit Card
https://images.ixigo.com/image/upload/HDFC-CC/9d0b77dd28e203407ed1c0b7622ac99c-wrovj.png,https://www.ixigo.com/offers/hdfc-easyemi,HDFC CCEMI DOM WEB,Visa Shopping
https://images.ixigo.com/image/upload/HDFC-CC/9d0b77dd28e203407ed1c0b7622ac99c-wrovj.png,https://www.ixigo.com/offers/hdfc-easyemi,HDFC CCEMI DOM WEB,HDFC UPI RuPay Credit Card
https://images.ixigo.com/image/upload/HDFC-CC/9d0b77dd28e203407ed1c0b7622ac99c-wrovj.png,https://www.ixigo.com/offers/hdfc-easyemi,HDFC CCEMI DOM WEB,HDFC Bank Biz First Credit Card
https://images.ixigo.com/image/upload/HDFC-CC/9d0b77dd28e203407ed1c0b7622ac99c-wrovj.png,https://www.ixigo.com/offers/hdfc-easyemi,HDFC CCEMI DOM WEB,HDFC Bank Times Card Credit Platinum
https://images.ixigo.com/image/upload/HDFC-CC/9d0b77dd28e203407ed1c0b7622ac99c-wrovj.png,https://www.ixigo.com/offers/hdfc-easyemi,HDFC CCEMI DOM WEB,IndianOil HDFC Bank Credit Card
https://images.ixigo.com/image/upload/HDFC-CC/9d0b77dd28e203407ed1c0b7622ac99c-wrovj.png,https://www.ixigo.com/offers/hdfc-easyemi,HDFC CCEMI DOM WEB,Visa Business Gold
https://images.ixigo.com/image/upload/HDFC-CC/9d0b77dd28e203407ed1c0b7622ac99c-wrovj.png,https://www.ixigo.com/offers/hdfc-easyemi,HDFC CCEMI DOM WEB,HDFC Bank Titanium Times Card
https://images.ixigo.com/image/upload/HDFC-CC/9d0b77dd28e203407ed1c0b7622ac99c-wrovj.png,https://www.ixigo.com/offers/hdfc-easyemi,HDFC CCEMI DOM WEB,HDFC Bank MoneyBack Plus Credit Card
https://images.ixigo.com/image/upload/HDFC-CC/9d0b77dd28e203407ed1c0b7622ac99c-wrovj.png,https://www.ixigo.com/offers/hdfc-easyemi,HDFC CCEMI DOM WEB,Shoppers Stop BLACK HDFC Bank Credit Card
https://images.ixigo.com/image/upload/HDFC-CC/9d0b77dd28e203407ed1c0b7622ac99c-wrovj.png,https://www.ixigo.com/offers/hdfc-easyemi,HDFC CCEMI DOM WEB,HDFC Bank UPI RuPay Biz Credit Card
https://images.ixigo.com/image/upload/HDFC-CC/9d0b77dd28e203407ed1c0b7622ac99c-wrovj.png,https://www.ixigo.com/offers/hdfc-easyemi,HDFC CCEMI DOM WEB,Visa Signature
https://images.ixigo.com/image/upload/HDFC-CC/9d0b77dd28e203407ed1c0b7622ac99c-wrovj.png,https://www.ixigo.com/offers/hdfc-easyemi,HDFC CCEMI DOM WEB,HDFC Bank Biz Grow Credit Card
https://images.ixigo.com/image/upload/HDFC-CC/9d0b77dd28e203407ed1c0b7622ac99c-wrovj.png,https://www.ixigo.com/offers/hdfc-easyemi,HDFC CCEMI DOM WEB,HDFC Biz Black Metal Edition Credit Card
https://images.ixigo.com/image/upload/HDFC-CC/9d0b77dd28e203407ed1c0b7622ac99c-wrovj.png,https://www.ixigo.com/offers/hdfc-easyemi,HDFC CCEMI DOM WEB,HDFC CSC Small Business MoneyBack
https://images.ixigo.com/image/upload/HDFC-CC/9d0b77dd28e203407ed1c0b7622ac99c-wrovj.png,https://www.ixigo.com/offers/hdfc-easyemi,HDFC CCEMI DOM WEB,Millennia Credit Card
https://images.ixigo.com/image/upload/HDFC-CC/9d0b77dd28e203407ed1c0b7622ac99c-wrovj.png,https://www.ixigo.com/offers/hdfc-easyemi,HDFC CCEMI DOM WEB,MoneyBack Credit Card
https://images.ixigo.com/image/upload/HDFC-CC/9d0b77dd28e203407ed1c0b7622ac99c-wrovj.png,https://www.ixigo.com/offers/hdfc-easyemi,HDFC CCEMI DOM WEB,World MasterCard
https://images.ixigo.com/image/upload/HDFC-CC/9d0b77dd28e203407ed1c0b7622ac99c-wrovj.png,https://www.ixigo.com/offers/hdfc-easyemi,HDFC CCEMI DOM WEB,HDFC Diners Club Black Credit Card
https://images.ixigo.com/image/upload/HDFC-CC/9d0b77dd28e203407ed1c0b7622ac99c-wrovj.png,https://www.ixigo.com/offers/hdfc-easyemi,HDFC CCEMI DOM WEB,HDFC Bank Business Regalia First Credit Card
https://images.ixigo.com/image/upload/HDFC-CC/9d0b77dd28e203407ed1c0b7622ac99c-wrovj.png,https://www.ixigo.com/offers/hdfc-easyemi,HDFC CCEMI DOM WEB,Tata Neu Infinity HDFC Bank Credit Card
https://images.ixigo.com/image/upload/HDFC-CC/9d0b77dd28e203407ed1c0b7622ac99c-wrovj.png,https://www.ixigo.com/offers/hdfc-easyemi,HDFC CCEMI DOM WEB,HDFC Regalia Gold Credit Card
https://images.ixigo.com/image/upload/HDFC-CC/9d0b77dd28e203407ed1c0b7622ac99c-wrovj.png,https://www.ixigo.com/offers/hdfc-easyemi,HDFC CCEMI DOM WEB,HDFC Swiggy Credit Card
https://images.ixigo.com/image/upload/HDFC-CC/9d0b77dd28e203407ed1c0b7622ac99c-wrovj.png,https://www.ixigo.com/offers/hdfc-easyemi,HDFC CCEMI DOM WEB,
,,,
,,,
,,,
,,,
https://images.ixigo.com/image/upload/IMG/47beb936d9068c9e7cb3244110eef119-nfagq.png,https://www.ixigo.com/offers/fed-flights,Federal Flights WEB,Federal Bank Wave Credit Card
https://images.ixigo.com/image/upload/IMG/47beb936d9068c9e7cb3244110eef119-nfagq.png,https://www.ixigo.com/offers/fed-flights,Federal Flights WEB,Federal Bank AmpliFi Credit Card
https://images.ixigo.com/image/upload/IMG/47beb936d9068c9e7cb3244110eef119-nfagq.png,https://www.ixigo.com/offers/fed-flights,Federal Flights WEB,Federal Bank MagniFi Credit Card
https://images.ixigo.com/image/upload/IMG/47beb936d9068c9e7cb3244110eef119-nfagq.png,https://www.ixigo.com/offers/fed-flights,Federal Flights WEB,Federal Bank Visa Imperio
https://images.ixigo.com/image/upload/IMG/47beb936d9068c9e7cb3244110eef119-nfagq.png,https://www.ixigo.com/offers/fed-flights,Federal Flights WEB,Federal Bank Visa Celesta
https://images.ixigo.com/image/upload/IMG/47beb936d9068c9e7cb3244110eef119-nfagq.png,https://www.ixigo.com/offers/fed-flights,Federal Flights WEB,Federal Bank Scapia Credit Card
https://images.ixigo.com/image/upload/IMG/47beb936d9068c9e7cb3244110eef119-nfagq.png,https://www.ixigo.com/offers/fed-flights,Federal Flights WEB,Federal Bank Rupay Signet Credit Card
https://images.ixigo.com/image/upload/IMG/47beb936d9068c9e7cb3244110eef119-nfagq.png,https://www.ixigo.com/offers/fed-flights,Federal Flights WEB,Federal Bank Mastercard Signet
https://images.ixigo.com/image/upload/IMG/47beb936d9068c9e7cb3244110eef119-nfagq.png,https://www.ixigo.com/offers/fed-flights,Federal Flights WEB,
https://images.ixigo.com/image/upload/IXRBLEMI/f76073b496d000c627c31703a98a629f-bhjbf.png,https://www.ixigo.com/offers/rbl-cc,IXRBLEMI WEB,IndianOil RBL Bank Credit Card
https://images.ixigo.com/image/upload/IXRBLEMI/f76073b496d000c627c31703a98a629f-bhjbf.png,https://www.ixigo.com/offers/rbl-cc,IXRBLEMI WEB,IndianOil RBL Bank XTRA Credit Card
https://images.ixigo.com/image/upload/IXRBLEMI/f76073b496d000c627c31703a98a629f-bhjbf.png,https://www.ixigo.com/offers/rbl-cc,IXRBLEMI WEB,RBL Bank iGlobe Credit Card
https://images.ixigo.com/image/upload/IXRBLEMI/f76073b496d000c627c31703a98a629f-bhjbf.png,https://www.ixigo.com/offers/rbl-cc,IXRBLEMI WEB,RBL Bank Movies and More Credit Card
https://images.ixigo.com/image/upload/IXRBLEMI/f76073b496d000c627c31703a98a629f-bhjbf.png,https://www.ixigo.com/offers/rbl-cc,IXRBLEMI WEB,RBL Bank MoneyTap Credit Card
https://images.ixigo.com/image/upload/IXRBLEMI/f76073b496d000c627c31703a98a629f-bhjbf.png,https://www.ixigo.com/offers/rbl-cc,IXRBLEMI WEB,Insignia Preferred Banking Card
https://images.ixigo.com/image/upload/IXRBLEMI/f76073b496d000c627c31703a98a629f-bhjbf.png,https://www.ixigo.com/offers/rbl-cc,IXRBLEMI WEB,BankBazaar SaveMax Credit Card
https://images.ixigo.com/image/upload/IXRBLEMI/f76073b496d000c627c31703a98a629f-bhjbf.png,https://www.ixigo.com/offers/rbl-cc,IXRBLEMI WEB,Bankbazaar Savemax Pro Credit Card
https://images.ixigo.com/image/upload/IXRBLEMI/f76073b496d000c627c31703a98a629f-bhjbf.png,https://www.ixigo.com/offers/rbl-cc,IXRBLEMI WEB,MoneyTap Black Card
https://images.ixigo.com/image/upload/IXRBLEMI/f76073b496d000c627c31703a98a629f-bhjbf.png,https://www.ixigo.com/offers/rbl-cc,IXRBLEMI WEB,RBL Bank Paisabazaar Duet Card
https://images.ixigo.com/image/upload/IXRBLEMI/f76073b496d000c627c31703a98a629f-bhjbf.png,https://www.ixigo.com/offers/rbl-cc,IXRBLEMI WEB,RBL Bank Paisabazaar Duet Card Plus
https://images.ixigo.com/image/upload/IXRBLEMI/f76073b496d000c627c31703a98a629f-bhjbf.png,https://www.ixigo.com/offers/rbl-cc,IXRBLEMI WEB,RBL Bank VCard
https://images.ixigo.com/image/upload/IXRBLEMI/f76073b496d000c627c31703a98a629f-bhjbf.png,https://www.ixigo.com/offers/rbl-cc,IXRBLEMI WEB,Mo Cash Credit Card
https://images.ixigo.com/image/upload/IXRBLEMI/f76073b496d000c627c31703a98a629f-bhjbf.png,https://www.ixigo.com/offers/rbl-cc,IXRBLEMI WEB,RBL Bank Play Credit Card
https://images.ixigo.com/image/upload/IXRBLEMI/f76073b496d000c627c31703a98a629f-bhjbf.png,https://www.ixigo.com/offers/rbl-cc,IXRBLEMI WEB,RBL Bank Cookie Credit Card
https://images.ixigo.com/image/upload/IXRBLEMI/f76073b496d000c627c31703a98a629f-bhjbf.png,https://www.ixigo.com/offers/rbl-cc,IXRBLEMI WEB,RBL Bank Icon Credit Card
https://images.ixigo.com/image/upload/IXRBLEMI/f76073b496d000c627c31703a98a629f-bhjbf.png,https://www.ixigo.com/offers/rbl-cc,IXRBLEMI WEB,RBL Bank Platinum Delight Credit Card
https://images.ixigo.com/image/upload/IXRBLEMI/f76073b496d000c627c31703a98a629f-bhjbf.png,https://www.ixigo.com/offers/rbl-cc,IXRBLEMI WEB,RBL Bank Platinum Maxima Credit Card
https://images.ixigo.com/image/upload/IXRBLEMI/f76073b496d000c627c31703a98a629f-bhjbf.png,https://www.ixigo.com/offers/rbl-cc,IXRBLEMI WEB,RBL Bank Lazy Pay Credit Card
https://images.ixigo.com/image/upload/IXRBLEMI/f76073b496d000c627c31703a98a629f-bhjbf.png,https://www.ixigo.com/offers/rbl-cc,IXRBLEMI WEB,RBL Bank World Safari Credit Card
https://images.ixigo.com/image/upload/IXRBLEMI/f76073b496d000c627c31703a98a629f-bhjbf.png,https://www.ixigo.com/offers/rbl-cc,IXRBLEMI WEB,RBL Bank Monthly Treats Credit Card
https://images.ixigo.com/image/upload/IXRBLEMI/f76073b496d000c627c31703a98a629f-bhjbf.png,https://www.ixigo.com/offers/rbl-cc,IXRBLEMI WEB,Platinum Maxima Plus Card
https://images.ixigo.com/image/upload/IXRBLEMI/f76073b496d000c627c31703a98a629f-bhjbf.png,https://www.ixigo.com/offers/rbl-cc,IXRBLEMI WEB,RBL Bank Shoprite Credit Card
https://images.ixigo.com/image/upload/IXRBLEMI/f76073b496d000c627c31703a98a629f-bhjbf.png,https://www.ixigo.com/offers/rbl-cc,IXRBLEMI WEB,
,,,
,,,
https://images.ixigo.com/image/upload/hdfc-cc-int/6019c2e6180c8704cf005d760ddf7d18-hrvkm.png,https://www.ixigo.com/offers/hdfc-ccemi-int-fa,HDFC CCEMI INT'L WEB NEW,Shoppers Stop HDFC Bank Credit Card
https://images.ixigo.com/image/upload/hdfc-cc-int/6019c2e6180c8704cf005d760ddf7d18-hrvkm.png,https://www.ixigo.com/offers/hdfc-ccemi-int-fa,HDFC CCEMI INT'L WEB NEW,Tata Neu Plus HDFC Bank Credit Card
https://images.ixigo.com/image/upload/hdfc-cc-int/6019c2e6180c8704cf005d760ddf7d18-hrvkm.png,https://www.ixigo.com/offers/hdfc-ccemi-int-fa,HDFC CCEMI INT'L WEB NEW,HDFC Bank INFINIA Credit Card Metal Edition
https://images.ixigo.com/image/upload/hdfc-cc-int/6019c2e6180c8704cf005d760ddf7d18-hrvkm.png,https://www.ixigo.com/offers/hdfc-ccemi-int-fa,HDFC CCEMI INT'L WEB NEW,Bharat Credit Card
https://images.ixigo.com/image/upload/hdfc-cc-int/6019c2e6180c8704cf005d760ddf7d18-hrvkm.png,https://www.ixigo.com/offers/hdfc-ccemi-int-fa,HDFC CCEMI INT'L WEB NEW,Visa Shopping
https://images.ixigo.com/image/upload/hdfc-cc-int/6019c2e6180c8704cf005d760ddf7d18-hrvkm.png,https://www.ixigo.com/offers/hdfc-ccemi-int-fa,HDFC CCEMI INT'L WEB NEW,HDFC UPI RuPay Credit Card
https://images.ixigo.com/image/upload/hdfc-cc-int/6019c2e6180c8704cf005d760ddf7d18-hrvkm.png,https://www.ixigo.com/offers/hdfc-ccemi-int-fa,HDFC CCEMI INT'L WEB NEW,HDFC Bank Biz First Credit Card
https://images.ixigo.com/image/upload/hdfc-cc-int/6019c2e6180c8704cf005d760ddf7d18-hrvkm.png,https://www.ixigo.com/offers/hdfc-ccemi-int-fa,HDFC CCEMI INT'L WEB NEW,HDFC Bank Times Card Credit Platinum
https://images.ixigo.com/image/upload/hdfc-cc-int/6019c2e6180c8704cf005d760ddf7d18-hrvkm.png,https://www.ixigo.com/offers/hdfc-ccemi-int-fa,HDFC CCEMI INT'L WEB NEW,IndianOil HDFC Bank Credit Card
https://images.ixigo.com/image/upload/hdfc-cc-int/6019c2e6180c8704cf005d760ddf7d18-hrvkm.png,https://www.ixigo.com/offers/hdfc-ccemi-int-fa,HDFC CCEMI INT'L WEB NEW,Visa Business Gold
https://images.ixigo.com/image/upload/hdfc-cc-int/6019c2e6180c8704cf005d760ddf7d18-hrvkm.png,https://www.ixigo.com/offers/hdfc-ccemi-int-fa,HDFC CCEMI INT'L WEB NEW,HDFC Bank Titanium Times Card
https://images.ixigo.com/image/upload/hdfc-cc-int/6019c2e6180c8704cf005d760ddf7d18-hrvkm.png,https://www.ixigo.com/offers/hdfc-ccemi-int-fa,HDFC CCEMI INT'L WEB NEW,HDFC Bank MoneyBack Plus Credit Card
https://images.ixigo.com/image/upload/hdfc-cc-int/6019c2e6180c8704cf005d760ddf7d18-hrvkm.png,https://www.ixigo.com/offers/hdfc-ccemi-int-fa,HDFC CCEMI INT'L WEB NEW,Shoppers Stop BLACK HDFC Bank Credit Card
https://images.ixigo.com/image/upload/hdfc-cc-int/6019c2e6180c8704cf005d760ddf7d18-hrvkm.png,https://www.ixigo.com/offers/hdfc-ccemi-int-fa,HDFC CCEMI INT'L WEB NEW,HDFC Bank UPI RuPay Biz Credit Card
https://images.ixigo.com/image/upload/hdfc-cc-int/6019c2e6180c8704cf005d760ddf7d18-hrvkm.png,https://www.ixigo.com/offers/hdfc-ccemi-int-fa,HDFC CCEMI INT'L WEB NEW,Visa Signature
https://images.ixigo.com/image/upload/hdfc-cc-int/6019c2e6180c8704cf005d760ddf7d18-hrvkm.png,https://www.ixigo.com/offers/hdfc-ccemi-int-fa,HDFC CCEMI INT'L WEB NEW,HDFC Bank Biz Grow Credit Card
https://images.ixigo.com/image/upload/hdfc-cc-int/6019c2e6180c8704cf005d760ddf7d18-hrvkm.png,https://www.ixigo.com/offers/hdfc-ccemi-int-fa,HDFC CCEMI INT'L WEB NEW,HDFC Biz Black Metal Edition Credit Card
https://images.ixigo.com/image/upload/hdfc-cc-int/6019c2e6180c8704cf005d760ddf7d18-hrvkm.png,https://www.ixigo.com/offers/hdfc-ccemi-int-fa,HDFC CCEMI INT'L WEB NEW,HDFC CSC Small Business MoneyBack
https://images.ixigo.com/image/upload/hdfc-cc-int/6019c2e6180c8704cf005d760ddf7d18-hrvkm.png,https://www.ixigo.com/offers/hdfc-ccemi-int-fa,HDFC CCEMI INT'L WEB NEW,Millennia Credit Card
https://images.ixigo.com/image/upload/hdfc-cc-int/6019c2e6180c8704cf005d760ddf7d18-hrvkm.png,https://www.ixigo.com/offers/hdfc-ccemi-int-fa,HDFC CCEMI INT'L WEB NEW,MoneyBack Credit Card
https://images.ixigo.com/image/upload/hdfc-cc-int/6019c2e6180c8704cf005d760ddf7d18-hrvkm.png,https://www.ixigo.com/offers/hdfc-ccemi-int-fa,HDFC CCEMI INT'L WEB NEW,World MasterCard
https://images.ixigo.com/image/upload/hdfc-cc-int/6019c2e6180c8704cf005d760ddf7d18-hrvkm.png,https://www.ixigo.com/offers/hdfc-ccemi-int-fa,HDFC CCEMI INT'L WEB NEW,HDFC Diners Club Black Credit Card
https://images.ixigo.com/image/upload/hdfc-cc-int/6019c2e6180c8704cf005d760ddf7d18-hrvkm.png,https://www.ixigo.com/offers/hdfc-ccemi-int-fa,HDFC CCEMI INT'L WEB NEW,HDFC Bank Business Regalia First Credit Card
https://images.ixigo.com/image/upload/hdfc-cc-int/6019c2e6180c8704cf005d760ddf7d18-hrvkm.png,https://www.ixigo.com/offers/hdfc-ccemi-int-fa,HDFC CCEMI INT'L WEB NEW,Tata Neu Infinity HDFC Bank Credit Card
https://images.ixigo.com/image/upload/hdfc-cc-int/6019c2e6180c8704cf005d760ddf7d18-hrvkm.png,https://www.ixigo.com/offers/hdfc-ccemi-int-fa,HDFC CCEMI INT'L WEB NEW,HDFC Regalia Gold Credit Card
https://images.ixigo.com/image/upload/hdfc-cc-int/6019c2e6180c8704cf005d760ddf7d18-hrvkm.png,https://www.ixigo.com/offers/hdfc-ccemi-int-fa,HDFC CCEMI INT'L WEB NEW,HDFC Swiggy Credit Card
https://images.ixigo.com/image/upload/hdfc-cc-int/6019c2e6180c8704cf005d760ddf7d18-hrvkm.png,https://www.ixigo.com/offers/hdfc-ccemi-int-fa,HDFC CCEMI INT'L WEB NEW,
https://images.ixigo.com/image/upload/hdfc-dc/2265c9d4136aa6833e35ac274ce09cc7-hsxss.png,https://www.ixigo.com/offers/hdfc-easyemi-dc-int,HDFC DCEMI WEB NEW,Shoppers Stop HDFC Bank Credit Card
https://images.ixigo.com/image/upload/hdfc-dc/2265c9d4136aa6833e35ac274ce09cc7-hsxss.png,https://www.ixigo.com/offers/hdfc-easyemi-dc-int,HDFC DCEMI WEB NEW,Tata Neu Plus HDFC Bank Credit Card
https://images.ixigo.com/image/upload/hdfc-dc/2265c9d4136aa6833e35ac274ce09cc7-hsxss.png,https://www.ixigo.com/offers/hdfc-easyemi-dc-int,HDFC DCEMI WEB NEW,HDFC Bank INFINIA Credit Card Metal Edition
https://images.ixigo.com/image/upload/hdfc-dc/2265c9d4136aa6833e35ac274ce09cc7-hsxss.png,https://www.ixigo.com/offers/hdfc-easyemi-dc-int,HDFC DCEMI WEB NEW,Bharat Credit Card
https://images.ixigo.com/image/upload/hdfc-dc/2265c9d4136aa6833e35ac274ce09cc7-hsxss.png,https://www.ixigo.com/offers/hdfc-easyemi-dc-int,HDFC DCEMI WEB NEW,Visa Shopping
https://images.ixigo.com/image/upload/hdfc-dc/2265c9d4136aa6833e35ac274ce09cc7-hsxss.png,https://www.ixigo.com/offers/hdfc-easyemi-dc-int,HDFC DCEMI WEB NEW,HDFC UPI RuPay Credit Card
https://images.ixigo.com/image/upload/hdfc-dc/2265c9d4136aa6833e35ac274ce09cc7-hsxss.png,https://www.ixigo.com/offers/hdfc-easyemi-dc-int,HDFC DCEMI WEB NEW,HDFC Bank Biz First Credit Card
https://images.ixigo.com/image/upload/hdfc-dc/2265c9d4136aa6833e35ac274ce09cc7-hsxss.png,https://www.ixigo.com/offers/hdfc-easyemi-dc-int,HDFC DCEMI WEB NEW,HDFC Bank Times Card Credit Platinum
https://images.ixigo.com/image/upload/hdfc-dc/2265c9d4136aa6833e35ac274ce09cc7-hsxss.png,https://www.ixigo.com/offers/hdfc-easyemi-dc-int,HDFC DCEMI WEB NEW,IndianOil HDFC Bank Credit Card
https://images.ixigo.com/image/upload/hdfc-dc/2265c9d4136aa6833e35ac274ce09cc7-hsxss.png,https://www.ixigo.com/offers/hdfc-easyemi-dc-int,HDFC DCEMI WEB NEW,Visa Business Gold
https://images.ixigo.com/image/upload/hdfc-dc/2265c9d4136aa6833e35ac274ce09cc7-hsxss.png,https://www.ixigo.com/offers/hdfc-easyemi-dc-int,HDFC DCEMI WEB NEW,HDFC Bank Titanium Times Card
https://images.ixigo.com/image/upload/hdfc-dc/2265c9d4136aa6833e35ac274ce09cc7-hsxss.png,https://www.ixigo.com/offers/hdfc-easyemi-dc-int,HDFC DCEMI WEB NEW,HDFC Bank MoneyBack Plus Credit Card
https://images.ixigo.com/image/upload/hdfc-dc/2265c9d4136aa6833e35ac274ce09cc7-hsxss.png,https://www.ixigo.com/offers/hdfc-easyemi-dc-int,HDFC DCEMI WEB NEW,Shoppers Stop BLACK HDFC Bank Credit Card
https://images.ixigo.com/image/upload/hdfc-dc/2265c9d4136aa6833e35ac274ce09cc7-hsxss.png,https://www.ixigo.com/offers/hdfc-easyemi-dc-int,HDFC DCEMI WEB NEW,HDFC Bank UPI RuPay Biz Credit Card
https://images.ixigo.com/image/upload/hdfc-dc/2265c9d4136aa6833e35ac274ce09cc7-hsxss.png,https://www.ixigo.com/offers/hdfc-easyemi-dc-int,HDFC DCEMI WEB NEW,Visa Signature
https://images.ixigo.com/image/upload/hdfc-dc/2265c9d4136aa6833e35ac274ce09cc7-hsxss.png,https://www.ixigo.com/offers/hdfc-easyemi-dc-int,HDFC DCEMI WEB NEW,HDFC Bank Biz Grow Credit Card
https://images.ixigo.com/image/upload/hdfc-dc/2265c9d4136aa6833e35ac274ce09cc7-hsxss.png,https://www.ixigo.com/offers/hdfc-easyemi-dc-int,HDFC DCEMI WEB NEW,HDFC Biz Black Metal Edition Credit Card
https://images.ixigo.com/image/upload/hdfc-dc/2265c9d4136aa6833e35ac274ce09cc7-hsxss.png,https://www.ixigo.com/offers/hdfc-easyemi-dc-int,HDFC DCEMI WEB NEW,HDFC CSC Small Business MoneyBack
https://images.ixigo.com/image/upload/hdfc-dc/2265c9d4136aa6833e35ac274ce09cc7-hsxss.png,https://www.ixigo.com/offers/hdfc-easyemi-dc-int,HDFC DCEMI WEB NEW,Millennia Credit Card
https://images.ixigo.com/image/upload/hdfc-dc/2265c9d4136aa6833e35ac274ce09cc7-hsxss.png,https://www.ixigo.com/offers/hdfc-easyemi-dc-int,HDFC DCEMI WEB NEW,MoneyBack Credit Card
https://images.ixigo.com/image/upload/hdfc-dc/2265c9d4136aa6833e35ac274ce09cc7-hsxss.png,https://www.ixigo.com/offers/hdfc-easyemi-dc-int,HDFC DCEMI WEB NEW,World MasterCard
https://images.ixigo.com/image/upload/hdfc-dc/2265c9d4136aa6833e35ac274ce09cc7-hsxss.png,https://www.ixigo.com/offers/hdfc-easyemi-dc-int,HDFC DCEMI WEB NEW,HDFC Diners Club Black Credit Card
https://images.ixigo.com/image/upload/hdfc-dc/2265c9d4136aa6833e35ac274ce09cc7-hsxss.png,https://www.ixigo.com/offers/hdfc-easyemi-dc-int,HDFC DCEMI WEB NEW,HDFC Bank Business Regalia First Credit Card
https://images.ixigo.com/image/upload/hdfc-dc/2265c9d4136aa6833e35ac274ce09cc7-hsxss.png,https://www.ixigo.com/offers/hdfc-easyemi-dc-int,HDFC DCEMI WEB NEW,Tata Neu Infinity HDFC Bank Credit Card
https://images.ixigo.com/image/upload/hdfc-dc/2265c9d4136aa6833e35ac274ce09cc7-hsxss.png,https://www.ixigo.com/offers/hdfc-easyemi-dc-int,HDFC DCEMI WEB NEW,HDFC Regalia Gold Credit Card
https://images.ixigo.com/image/upload/hdfc-dc/2265c9d4136aa6833e35ac274ce09cc7-hsxss.png,https://www.ixigo.com/offers/hdfc-easyemi-dc-int,HDFC DCEMI WEB NEW,HDFC Swiggy Credit Card
https://images.ixigo.com/image/upload/hdfc-dc/2265c9d4136aa6833e35ac274ce09cc7-hsxss.png,https://www.ixigo.com/offers/hdfc-easyemi-dc-int,HDFC DCEMI WEB NEW,
https://images.ixigo.com/image/upload/73/c0d96cc0a8c4a035ccabbe2db480cda0-lnsmq.png,https://www.ixigo.com/offers/ixigoccfly,IXIGOCCFLY WEB NEW,Ixigo AU Credit Card
https://images.ixigo.com/image/upload/img/9a752cd3e5e75e6aa1bbbc408dd81afb-ylezn.png,https://www.ixigo.com/offers/au-bank-emi,IXIAUEMID WEB,AU Bank InstaPay Credit Card
https://images.ixigo.com/image/upload/img/9a752cd3e5e75e6aa1bbbc408dd81afb-ylezn.png,https://www.ixigo.com/offers/au-bank-emi,IXIAUEMID WEB,AU Bank Zenith+ Credit Card
https://images.ixigo.com/image/upload/img/9a752cd3e5e75e6aa1bbbc408dd81afb-ylezn.png,https://www.ixigo.com/offers/au-bank-emi,IXIAUEMID WEB,AU Small Finance Bank ixigo Credit Card
https://images.ixigo.com/image/upload/img/9a752cd3e5e75e6aa1bbbc408dd81afb-ylezn.png,https://www.ixigo.com/offers/au-bank-emi,IXIAUEMID WEB,AU Small Finance Bank Zenith Credit Card
https://images.ixigo.com/image/upload/img/9a752cd3e5e75e6aa1bbbc408dd81afb-ylezn.png,https://www.ixigo.com/offers/au-bank-emi,IXIAUEMID WEB,AU Small Finance Bank Altura Plus Credit Card
https://images.ixigo.com/image/upload/img/9a752cd3e5e75e6aa1bbbc408dd81afb-ylezn.png,https://www.ixigo.com/offers/au-bank-emi,IXIAUEMID WEB,AU Small Finance Bank Altura Credit Card
https://images.ixigo.com/image/upload/img/9a752cd3e5e75e6aa1bbbc408dd81afb-ylezn.png,https://www.ixigo.com/offers/au-bank-emi,IXIAUEMID WEB,AU Small Finance Bank LIT Credit Card
https://images.ixigo.com/image/upload/img/9a752cd3e5e75e6aa1bbbc408dd81afb-ylezn.png,https://www.ixigo.com/offers/au-bank-emi,IXIAUEMID WEB,Au Small Finance Bank Vetta Credit Card
https://images.ixigo.com/image/upload/img/9a752cd3e5e75e6aa1bbbc408dd81afb-ylezn.png,https://www.ixigo.com/offers/au-bank-emi,IXIAUEMID WEB,
https://images.ixigo.com/image/upload/img/c6a454cdb64e6cfbc7655bbbd37e8b28-lduip.png,https://www.ixigo.com/offers/auweb,IXIAUEMIN WEB,AU Bank InstaPay Credit Card
https://images.ixigo.com/image/upload/img/c6a454cdb64e6cfbc7655bbbd37e8b28-lduip.png,https://www.ixigo.com/offers/auweb,IXIAUEMIN WEB,AU Bank Zenith+ Credit Card
https://images.ixigo.com/image/upload/img/c6a454cdb64e6cfbc7655bbbd37e8b28-lduip.png,https://www.ixigo.com/offers/auweb,IXIAUEMIN WEB,AU Small Finance Bank ixigo Credit Card
https://images.ixigo.com/image/upload/img/c6a454cdb64e6cfbc7655bbbd37e8b28-lduip.png,https://www.ixigo.com/offers/auweb,IXIAUEMIN WEB,AU Small Finance Bank Zenith Credit Card
https://images.ixigo.com/image/upload/img/c6a454cdb64e6cfbc7655bbbd37e8b28-lduip.png,https://www.ixigo.com/offers/auweb,IXIAUEMIN WEB,AU Small Finance Bank Altura Plus Credit Card
https://images.ixigo.com/image/upload/img/c6a454cdb64e6cfbc7655bbbd37e8b28-lduip.png,https://www.ixigo.com/offers/auweb,IXIAUEMIN WEB,AU Small Finance Bank Altura Credit Card
https://images.ixigo.com/image/upload/img/c6a454cdb64e6cfbc7655bbbd37e8b28-lduip.png,https://www.ixigo.com/offers/auweb,IXIAUEMIN WEB,AU Small Finance Bank LIT Credit Card
https://images.ixigo.com/image/upload/img/c6a454cdb64e6cfbc7655bbbd37e8b28-lduip.png,https://www.ixigo.com/offers/auweb,IXIAUEMIN WEB,Au Small Finance Bank Vetta Credit Card
https://images.ixigo.com/image/upload/img/c6a454cdb64e6cfbc7655bbbd37e8b28-lduip.png,https://www.ixigo.com/offers/auweb,IXIAUEMIN WEB,
https://images.ixigo.com/image/upload/upload/587e3a0a923d2a5a83bf7526bc5ebddc-ohvhl.png,https://www.ixigo.com/offers/idfc-dom-flight,IDFC DOM WEB,IDFC First Power+ Credit Card
https://images.ixigo.com/image/upload/upload/587e3a0a923d2a5a83bf7526bc5ebddc-ohvhl.png,https://www.ixigo.com/offers/idfc-dom-flight,IDFC DOM WEB,IDFC FIRST SWYP Credit Card
https://images.ixigo.com/image/upload/upload/587e3a0a923d2a5a83bf7526bc5ebddc-ohvhl.png,https://www.ixigo.com/offers/idfc-dom-flight,IDFC DOM WEB,IDFC First Bank First Wow Credit Card
https://images.ixigo.com/image/upload/upload/587e3a0a923d2a5a83bf7526bc5ebddc-ohvhl.png,https://www.ixigo.com/offers/idfc-dom-flight,IDFC DOM WEB,IDFC First Bank First Private Credit Card
https://images.ixigo.com/image/upload/upload/587e3a0a923d2a5a83bf7526bc5ebddc-ohvhl.png,https://www.ixigo.com/offers/idfc-dom-flight,IDFC DOM WEB,IDFC First Power Credit Card
https://images.ixigo.com/image/upload/upload/587e3a0a923d2a5a83bf7526bc5ebddc-ohvhl.png,https://www.ixigo.com/offers/idfc-dom-flight,IDFC DOM WEB,IDFC Bank IDFC First Wealth Credit Card
https://images.ixigo.com/image/upload/upload/587e3a0a923d2a5a83bf7526bc5ebddc-ohvhl.png,https://www.ixigo.com/offers/idfc-dom-flight,IDFC DOM WEB,IDFC First Select Credit Card
https://images.ixigo.com/image/upload/upload/587e3a0a923d2a5a83bf7526bc5ebddc-ohvhl.png,https://www.ixigo.com/offers/idfc-dom-flight,IDFC DOM WEB,IDFC Bank First Classic Credit Card
https://images.ixigo.com/image/upload/upload/587e3a0a923d2a5a83bf7526bc5ebddc-ohvhl.png,https://www.ixigo.com/offers/idfc-dom-flight,IDFC DOM WEB,IDFC Bank First Millennia Credit Card
https://images.ixigo.com/image/upload/upload/587e3a0a923d2a5a83bf7526bc5ebddc-ohvhl.png,https://www.ixigo.com/offers/idfc-dom-flight,IDFC DOM WEB,
https://images.ixigo.com/image/upload/upload/760cf28c428389b36fee5b2e6b801568-spdit.png,https://www.ixigo.com/offers/idfc-intl-flight,IDFC INT DESKTOP,IDFC First Power+ Credit Card
https://images.ixigo.com/image/upload/upload/760cf28c428389b36fee5b2e6b801568-spdit.png,https://www.ixigo.com/offers/idfc-intl-flight,IDFC INT DESKTOP,IDFC FIRST SWYP Credit Card
https://images.ixigo.com/image/upload/upload/760cf28c428389b36fee5b2e6b801568-spdit.png,https://www.ixigo.com/offers/idfc-intl-flight,IDFC INT DESKTOP,IDFC First Bank First Wow Credit Card
https://images.ixigo.com/image/upload/upload/760cf28c428389b36fee5b2e6b801568-spdit.png,https://www.ixigo.com/offers/idfc-intl-flight,IDFC INT DESKTOP,IDFC First Bank First Private Credit Card
https://images.ixigo.com/image/upload/upload/760cf28c428389b36fee5b2e6b801568-spdit.png,https://www.ixigo.com/offers/idfc-intl-flight,IDFC INT DESKTOP,IDFC First Power Credit Card
https://images.ixigo.com/image/upload/upload/760cf28c428389b36fee5b2e6b801568-spdit.png,https://www.ixigo.com/offers/idfc-intl-flight,IDFC INT DESKTOP,IDFC Bank IDFC First Wealth Credit Card
https://images.ixigo.com/image/upload/upload/760cf28c428389b36fee5b2e6b801568-spdit.png,https://www.ixigo.com/offers/idfc-intl-flight,IDFC INT DESKTOP,IDFC First Select Credit Card
https://images.ixigo.com/image/upload/upload/760cf28c428389b36fee5b2e6b801568-spdit.png,https://www.ixigo.com/offers/idfc-intl-flight,IDFC INT DESKTOP,IDFC Bank First Classic Credit Card
https://images.ixigo.com/image/upload/upload/760cf28c428389b36fee5b2e6b801568-spdit.png,https://www.ixigo.com/offers/idfc-intl-flight,IDFC INT DESKTOP,IDFC Bank First Millennia Credit Card
https://images.ixigo.com/image/upload/upload/760cf28c428389b36fee5b2e6b801568-spdit.png,https://www.ixigo.com/offers/idfc-intl-flight,IDFC INT DESKTOP,
